accuracy,groundTruth,prediction
0.829268,"[1,1,2,2,3,3,4,4,5,5,6,6,7,7,8,8,9,9,10,10,11,11,12,12,13,13,14,14,15,15,16,16,17,17,18,18,19,19,20,20,21,21,22,22,23,23,24,24,25,25,26,26,27,27,28,28,29,29,30,30,31,31,32,32,33,33,34,34,35,35,36,36,37,37,38,38,39,39,40,40,41,41]","[1,1,2,2,3,3,4,4,5,18,6,6,7,7,8,8,9,9,10,10,11,11,12,12,13,13,14,14,2,2,16,16,17,17,18,18,19,19,20,29,21,21,22,22,38,23,24,24,5,25,26,26,27,27,37,37,29,29,30,30,21,31,32,32,33,33,34,34,25,25,36,24,37,37,38,38,39,39,5,40,41,18]"
0.878049,"[1,1,2,2,3,3,4,4,5,5,6,6,7,7,8,8,9,9,10,10,11,11,12,12,13,13,14,14,15,15,16,16,17,17,18,18,19,19,20,20,21,21,22,22,23,23,24,24,25,25,26,26,27,27,28,28,29,29,30,30,31,31,32,32,33,33,34,34,35,35,36,36,37,37,38,38,39,39,40,40,41,41]","[1,1,2,2,3,3,4,4,18,5,6,6,7,7,8,8,9,9,10,10,11,19,12,12,13,13,14,14,15,15,16,16,17,3,18,18,19,19,20,20,21,21,22,22,23,23,24,24,25,25,26,26,27,27,37,19,29,29,30,30,31,31,32,32,33,33,34,34,25,40,36,7,37,37,38,38,39,39,40,18,18,41]"
0.853659,"[1,1,2,2,3,3,4,4,5,5,6,6,7,7,8,8,9,9,10,10,11,11,12,12,13,13,14,14,15,15,16,16,17,17,18,18,19,19,20,20,21,21,22,22,23,23,24,24,25,25,26,26,27,27,28,28,29,29,30,30,31,31,32,32,33,33,34,34,35,35,36,36,37,37,38,38,39,39,40,40,41,41]","[1,1,2,2,3,3,4,4,5,5,6,6,7,7,8,8,9,9,10,10,11,11,12,12,13,13,14,14,15,15,16,16,3,3,18,18,19,19,20,30,21,21,22,22,23,23,24,24,25,25,26,26,27,27,19,37,29,29,30,30,31,31,32,32,33,33,34,34,5,5,7,7,37,37,23,38,39,39,40,5,41,5]"
0.829268,"[1,1,2,2,3,3,4,4,5,5,6,6,7,7,8,8,9,9,10,10,11,11,12,12,13,13,14,14,15,15,16,16,17,17,18,18,19,19,20,20,21,21,22,22,23,23,24,24,25,25,26,26,27,27,28,28,29,29,30,30,31,31,32,32,33,33,34,34,35,35,36,36,37,37,38,38,39,39,40,40,41,41]","[1,1,2,2,3,3,4,4,5,5,6,6,7,7,8,8,9,9,10,10,11,11,12,12,18,13,14,14,15,15,16,16,4,17,18,18,19,19,30,29,21,21,22,22,23,23,24,24,25,25,26,26,27,27,37,28,29,29,30,30,34,34,32,32,33,21,34,34,5,35,7,7,37,37,38,38,39,39,5,5,5,41]"
0.890244,"[1,1,2,2,3,3,4,4,5,5,6,6,7,7,8,8,9,9,10,10,11,11,12,12,13,13,14,14,15,15,16,16,17,17,18,18,19,19,20,20,21,21,22,22,23,23,24,24,25,25,26,26,27,27,28,28,29,29,30,30,31,31,32,32,33,33,34,34,35,35,36,36,37,37,38,38,39,39,40,40,41,41]","[1,1,2,2,3,3,4,4,5,5,6,6,7,7,8,8,9,9,10,10,11,11,12,12,13,13,14,14,15,15,16,16,17,17,18,18,19,15,20,20,21,21,22,22,23,23,24,24,25,25,26,26,27,27,15,37,29,29,30,30,31,31,32,32,21,33,34,34,25,25,7,7,37,37,38,38,39,39,5,40,41,41]"
