accuracy,groundTruth,prediction
0.682927,"[1,1,2,2,3,3,4,4,5,5,6,6,7,7,8,8,9,9,10,10,11,11,12,12,13,13,14,14,15,15,16,16,17,17,18,18,19,19,20,20,21,21,22,22,23,23,24,24,25,25,26,26,27,27,28,28,29,29,30,30,31,31,32,32,33,33,34,34,35,35,36,36,37,37,38,38,39,39,40,40,41,41]","[1,1,2,2,3,3,4,4,5,5,6,6,7,7,8,8,9,9,10,10,11,11,12,12,13,13,14,22,2,2,16,16,36,17,18,5,2,19,20,30,21,21,22,22,38,23,24,24,25,4,26,26,19,19,26,26,29,29,30,30,34,21,32,19,29,33,34,34,25,40,17,7,13,14,38,38,39,29,5,40,41,18]"
0.695122,"[1,1,2,2,3,3,4,4,5,5,6,6,7,7,8,8,9,9,10,10,11,11,12,12,13,13,14,14,15,15,16,16,17,17,18,18,19,19,20,20,21,21,22,22,23,23,24,24,25,25,26,26,27,27,28,28,29,29,30,30,31,31,32,32,33,33,34,34,35,35,36,36,37,37,38,38,39,39,40,40,41,41]","[1,1,2,2,3,3,4,4,5,5,6,6,7,7,8,8,9,9,10,3,11,11,12,12,13,13,22,14,2,5,16,24,17,17,5,18,19,19,30,4,21,21,22,22,23,23,24,2,4,25,26,26,27,27,37,37,29,29,30,30,21,34,32,2,33,33,34,34,40,5,7,7,14,14,38,38,29,22,40,5,41,5]"
0.658537,"[1,1,2,2,3,3,4,4,5,5,6,6,7,7,8,8,9,9,10,10,11,11,12,12,13,13,14,14,15,15,16,16,17,17,18,18,19,19,20,20,21,21,22,22,23,23,24,24,25,25,26,26,27,27,28,28,29,29,30,30,31,31,32,32,33,33,34,34,35,35,36,36,37,37,38,38,39,39,40,40,41,41]","[1,1,2,2,3,25,4,4,5,5,6,6,7,7,8,8,9,9,3,10,11,11,12,12,13,13,14,14,5,5,16,16,23,9,18,18,19,19,4,21,21,21,22,22,23,23,2,24,25,25,26,26,27,27,37,37,29,29,30,30,34,21,2,19,33,21,34,22,5,5,7,24,14,22,38,38,22,22,5,40,5,2]"
0.658537,"[1,1,2,2,3,3,4,4,5,5,6,6,7,7,8,8,9,9,10,10,11,11,12,12,13,13,14,14,15,15,16,16,17,17,18,18,19,19,20,20,21,21,22,22,23,23,24,24,25,25,26,26,27,27,28,28,29,29,30,30,31,31,32,32,33,33,34,34,35,35,36,36,37,37,38,38,39,39,40,40,41,41]","[1,1,2,2,5,3,4,4,18,5,6,6,7,7,8,8,9,9,10,38,11,11,12,12,13,13,14,14,5,5,16,16,9,3,18,18,19,19,21,29,21,21,22,22,23,38,24,24,25,5,26,26,27,27,26,15,29,29,30,30,21,30,19,32,21,33,22,22,5,5,36,7,22,14,38,38,22,22,40,5,2,41]"
0.695122,"[1,1,2,2,3,3,4,4,5,5,6,6,7,7,8,8,9,9,10,10,11,11,12,12,13,13,14,14,15,15,16,16,17,17,18,18,19,19,20,20,21,21,22,22,23,23,24,24,25,25,26,26,27,27,28,28,29,29,30,30,31,31,32,32,33,33,34,34,35,35,36,36,37,37,38,38,39,39,40,40,41,41]","[1,1,2,2,3,3,4,4,5,5,6,6,7,7,8,8,9,9,10,10,11,11,12,12,13,13,14,14,15,2,16,2,3,17,18,18,19,19,29,20,21,21,22,22,38,38,24,24,5,5,26,26,27,2,26,19,29,29,30,30,31,21,32,32,30,30,22,34,5,25,7,17,14,26,38,38,22,39,5,5,41,16]"
