accuracy,groundTruth,prediction
0.817073,"[1,1,2,2,3,3,4,4,5,5,6,6,7,7,8,8,9,9,10,10,11,11,12,12,13,13,14,14,15,15,16,16,17,17,18,18,19,19,20,20,21,21,22,22,23,23,24,24,25,25,26,26,27,27,28,28,29,29,30,30,31,31,32,32,33,33,34,34,35,35,36,36,37,37,38,38,39,39,40,40,41,41]","[1,1,2,2,3,3,4,4,5,5,6,6,7,7,8,8,9,9,10,3,11,11,12,12,13,13,14,14,15,15,24,16,17,17,18,18,2,19,20,20,21,21,22,22,23,38,24,24,25,5,26,26,27,27,28,37,29,29,30,30,34,21,19,32,33,33,34,34,35,25,7,36,14,37,38,38,39,39,5,5,2,41]"
0.804878,"[1,1,2,2,3,3,4,4,5,5,6,6,7,7,8,8,9,9,10,10,11,11,12,12,13,13,14,14,15,15,16,16,17,17,18,18,19,19,20,20,21,21,22,22,23,23,24,24,25,25,26,26,27,27,28,28,29,29,30,30,31,31,32,32,33,33,34,34,35,35,36,36,37,37,38,38,39,39,40,40,41,41]","[1,1,2,2,3,3,4,4,5,5,6,6,7,7,8,8,9,9,3,10,11,11,12,12,13,13,14,14,2,2,16,13,17,17,18,18,19,19,29,20,21,21,22,22,38,23,24,24,25,25,26,26,27,27,37,37,29,29,30,30,21,31,32,32,33,33,34,34,25,25,36,17,26,28,38,38,39,39,5,5,41,41]"
0.829268,"[1,1,2,2,3,3,4,4,5,5,6,6,7,7,8,8,9,9,10,10,11,11,12,12,13,13,14,14,15,15,16,16,17,17,18,18,19,19,20,20,21,21,22,22,23,23,24,24,25,25,26,26,27,27,28,28,29,29,30,30,31,31,32,32,33,33,34,34,35,35,36,36,37,37,38,38,39,39,40,40,41,41]","[1,1,2,2,3,3,4,4,5,18,6,6,7,7,8,8,9,9,10,10,11,11,12,12,13,13,14,14,15,15,16,16,17,17,18,18,19,19,20,20,21,21,22,22,23,21,24,24,25,25,26,5,27,19,37,19,29,29,30,30,31,31,32,2,33,33,34,34,25,5,17,17,28,14,38,38,39,39,5,40,41,41]"
0.804878,"[1,1,2,2,3,3,4,4,5,5,6,6,7,7,8,8,9,9,10,10,11,11,12,12,13,13,14,14,15,15,16,16,17,17,18,18,19,19,20,20,21,21,22,22,23,23,24,24,25,25,26,26,27,27,28,28,29,29,30,30,31,31,32,32,33,33,34,34,35,35,36,36,37,37,38,38,39,39,40,40,41,41]","[1,1,2,2,3,3,4,4,18,5,6,6,7,7,8,8,9,9,10,10,8,11,12,12,13,13,14,14,15,15,16,15,4,4,18,18,19,19,20,20,21,21,22,22,23,23,24,24,25,5,26,26,27,27,19,37,29,29,30,30,31,34,32,32,33,33,34,34,5,40,36,7,14,14,38,38,39,39,40,18,41,18]"
0.792683,"[1,1,2,2,3,3,4,4,5,5,6,6,7,7,8,8,9,9,10,10,11,11,12,12,13,13,14,14,15,15,16,16,17,17,18,18,19,19,20,20,21,21,22,22,23,23,24,24,25,25,26,26,27,27,28,28,29,29,30,30,31,31,32,32,33,33,34,34,35,35,36,36,37,37,38,38,39,39,40,40,41,41]","[1,1,2,2,3,3,4,4,5,5,6,6,7,7,8,8,9,9,10,10,11,15,12,12,13,13,14,14,15,15,15,16,4,3,18,18,19,19,20,29,21,21,22,22,23,23,24,24,5,5,26,26,27,27,26,15,29,29,30,30,34,34,32,32,33,21,34,34,40,35,7,7,37,37,38,38,39,39,40,5,18,41]"
