accuracy,groundTruth,prediction
0.646341,"[1,1,2,2,3,3,4,4,5,5,6,6,7,7,8,8,9,9,10,10,11,11,12,12,13,13,14,14,15,15,16,16,17,17,18,18,19,19,20,20,21,21,22,22,23,23,24,24,25,25,26,26,27,27,28,28,29,29,30,30,31,31,32,32,33,33,34,34,35,35,36,36,37,37,38,38,39,39,40,40,41,41]","[1,1,2,2,3,3,4,4,5,5,6,6,7,7,8,8,9,9,4,38,11,8,12,12,13,13,14,14,15,2,2,24,17,17,18,18,19,19,20,29,21,21,22,22,30,23,2,24,25,25,26,26,27,4,26,26,29,21,30,30,34,21,32,2,33,33,22,22,25,5,17,7,13,28,38,38,22,22,5,5,18,41]"
0.658537,"[1,1,2,2,3,3,4,4,5,5,6,6,7,7,8,8,9,9,10,10,11,11,12,12,13,13,14,14,15,15,16,16,17,17,18,18,19,19,20,20,21,21,22,22,23,23,24,24,25,25,26,26,27,27,28,28,29,29,30,30,31,31,32,32,33,33,34,34,35,35,36,36,37,37,38,38,39,39,40,40,41,41]","[1,1,2,2,3,3,4,25,5,5,6,6,7,7,8,8,9,9,38,10,8,11,12,12,13,13,14,14,2,15,16,16,17,25,18,5,19,19,29,20,21,21,22,22,23,23,24,24,25,5,26,26,11,27,13,13,29,39,30,30,21,15,2,2,33,33,22,22,5,18,7,7,14,14,38,38,22,39,5,18,18,41]"
0.609756,"[1,1,2,2,3,3,4,4,5,5,6,6,7,7,8,8,9,9,10,10,11,11,12,12,13,13,14,14,15,15,16,16,17,17,18,18,19,19,20,20,21,21,22,22,23,23,24,24,25,25,26,26,27,27,28,28,29,29,30,30,31,31,32,32,33,33,34,34,35,35,36,36,37,37,38,38,39,39,40,40,41,41]","[1,1,2,2,3,3,3,3,5,5,6,6,7,7,8,8,9,9,10,10,11,38,12,12,13,13,14,14,15,25,15,16,9,38,5,18,19,19,20,20,21,21,22,22,23,38,24,24,5,4,26,26,27,2,13,26,39,29,30,30,15,21,2,2,33,30,22,22,13,5,7,24,14,26,38,38,39,22,18,5,41,5]"
0.573171,"[1,1,2,2,3,3,4,4,5,5,6,6,7,7,8,8,9,9,10,10,11,11,12,12,13,13,14,14,15,15,16,16,17,17,18,18,19,19,20,20,21,21,22,22,23,23,24,24,25,25,26,26,27,27,28,28,29,29,30,30,31,31,32,32,33,33,34,34,35,35,36,36,37,37,38,38,39,39,40,40,41,41]","[1,25,2,2,3,25,3,4,5,5,6,6,7,7,8,8,9,9,10,10,38,11,12,12,18,18,14,14,15,2,27,16,38,17,18,18,19,2,20,29,21,21,22,22,38,23,24,24,25,25,26,26,2,27,14,19,21,29,30,30,21,34,2,32,30,30,22,22,40,5,24,17,26,13,38,38,22,22,5,5,5,18]"
0.597561,"[1,1,2,2,3,3,4,4,5,5,6,6,7,7,8,8,9,9,10,10,11,11,12,12,13,13,14,14,15,15,16,16,17,17,18,18,19,19,20,20,21,21,22,22,23,23,24,24,25,25,26,26,27,27,28,28,29,29,30,30,31,31,32,32,33,33,34,34,35,35,36,36,37,37,38,38,39,39,40,40,41,41]","[25,1,2,2,25,3,4,4,5,5,6,6,7,7,8,8,9,9,10,10,11,11,12,12,18,13,14,14,2,2,16,16,17,3,18,5,19,2,29,30,21,21,22,22,23,23,24,24,25,25,26,26,27,19,19,19,29,21,30,30,34,30,19,2,30,21,22,22,5,25,17,7,13,26,38,38,22,39,5,5,18,2]"
