accuracy,groundTruth,predictionx
0.707317,"[0,2,3,4,5,6,7,8,9,10,11,12,13,14,15,16,17,18,19,20,21,22,23,24,25,26,27,28,29,30,31,32,33,34,35,36,37,38,39,40,41]","[0,2,3,4,5,6,7,8,9,10,11,12,13,14,15,16,8,18,19,7,21,22,38,24,5,26,2,28,21,29,21,32,33,34,12,7,14,38,39,40,41]"
0.585366,"[0,2,3,4,5,6,7,8,9,10,11,12,13,14,15,16,17,18,19,20,21,22,23,24,25,26,27,28,29,30,31,32,33,34,35,36,37,38,39,40,41]","[0,2,3,12,5,6,7,4,9,7,11,12,13,14,11,17,7,18,19,20,21,22,9,11,25,25,11,28,21,20,31,8,33,34,15,36,37,38,39,25,8]"
0.512195,"[0,2,3,4,5,6,7,8,9,10,11,12,13,14,15,16,17,18,19,20,21,22,23,24,25,26,27,28,29,30,31,32,33,34,35,36,37,38,39,40,41]","[0,2,4,3,5,6,4,8,9,10,2,4,13,14,15,32,7,18,19,7,21,22,23,11,12,5,19,28,33,33,31,16,33,34,12,7,37,38,29,25,41]"
