accuracy,groundTruth,predictionx
0.682927,"[0,2,3,4,5,6,7,8,9,10,11,12,13,14,15,16,17,18,19,20,21,22,23,24,25,26,27,28,29,30,31,32,33,34,35,36,37,38,39,40,41]","[0,2,3,4,5,6,7,8,9,10,11,12,13,14,2,16,4,18,11,29,21,22,21,24,25,26,19,26,29,30,21,32,21,34,5,7,26,38,39,5,41]"
0.780488,"[0,2,3,4,5,6,7,8,9,10,11,12,13,14,15,16,17,18,19,20,21,22,23,24,25,26,27,28,29,30,31,32,33,34,35,36,37,38,39,40,41]","[0,2,3,4,5,6,7,8,9,10,14,12,13,11,15,16,17,18,19,29,21,22,23,24,25,26,27,37,29,30,31,2,33,34,25,7,28,38,39,5,41]"
0.756098,"[0,2,3,4,5,6,7,8,9,10,11,12,13,14,15,16,17,18,19,20,21,22,23,24,25,26,27,28,29,30,31,32,33,34,35,36,37,38,39,40,41]","[0,2,3,4,5,6,7,8,9,10,11,12,13,14,2,16,17,18,19,29,21,22,38,24,25,26,27,28,39,30,34,2,33,34,25,36,14,38,21,5,41]"
