accuracy,groundTruth,predictionx
0.731707,"[0,2,3,4,5,6,7,8,9,10,11,12,13,14,15,16,17,18,19,20,21,22,23,24,25,26,27,28,29,30,31,32,33,34,35,36,37,38,39,40,41]","[0,2,4,4,5,6,7,8,9,10,11,12,13,14,15,41,17,18,11,21,21,22,23,24,25,26,27,37,29,30,31,15,33,34,5,7,28,38,22,12,41]"
0.804878,"[0,2,3,4,5,6,7,8,9,10,11,12,13,14,15,16,17,18,19,20,21,22,23,24,25,26,27,28,29,30,31,32,33,34,35,36,37,38,39,40,41]","[0,2,3,4,18,6,7,8,9,10,11,12,13,14,15,41,17,18,19,20,21,22,38,24,25,26,27,37,29,30,31,32,33,34,25,7,28,38,39,5,41]"
0.829268,"[0,2,3,4,5,6,7,8,9,10,11,12,13,14,15,16,17,18,19,20,21,22,23,24,25,26,27,28,29,30,31,32,33,34,35,36,37,38,39,40,41]","[0,2,25,4,5,6,7,8,9,10,11,12,13,14,15,16,3,18,19,20,21,22,23,24,25,26,27,28,29,30,21,32,33,34,40,24,28,38,39,40,41]"
