accuracy,groundTruth,predictionx
0.512195,"[0,2,3,4,5,6,7,8,9,10,11,12,13,14,15,16,17,18,19,20,21,22,23,24,25,26,27,28,29,30,31,32,33,34,35,36,37,38,39,40,41]","[0,2,3,3,5,6,7,8,9,10,2,12,37,14,11,32,16,18,19,30,21,22,38,24,25,26,19,37,33,20,21,16,33,34,15,4,14,9,39,5,41]"
0.585366,"[0,2,3,4,5,6,7,8,9,10,11,12,13,14,15,16,17,18,19,20,21,22,23,24,25,26,27,28,29,30,31,32,33,34,35,36,37,38,39,40,41]","[0,2,4,3,5,6,7,8,9,7,11,12,13,14,15,8,7,18,19,20,21,22,23,11,37,13,2,28,21,30,31,32,30,22,25,16,14,38,39,40,13]"
0.439024,"[0,2,3,4,5,6,7,8,9,10,11,12,13,14,15,16,17,18,19,20,21,22,23,24,25,26,27,28,29,30,31,32,33,34,35,36,37,38,39,40,41]","[0,2,25,3,5,9,7,8,9,10,24,12,13,37,15,8,7,5,19,7,38,22,38,24,25,37,11,37,33,20,31,32,29,34,35,8,14,21,39,26,32]"
