accuracy,groundTruth,predictionx
0.756098,"[0,2,3,4,5,6,7,8,9,10,11,12,13,14,15,16,17,18,19,20,21,22,23,24,25,26,27,28,29,30,31,32,33,34,35,36,37,38,39,40,41]","[0,2,3,4,5,6,7,8,9,10,11,12,13,14,2,16,4,18,15,20,21,22,21,24,25,26,27,37,29,30,34,32,33,34,15,17,28,38,39,5,41]"
0.878049,"[0,2,3,4,5,6,7,8,9,10,11,12,13,14,15,16,17,18,19,20,21,22,23,24,25,26,27,28,29,30,31,32,33,34,35,36,37,38,39,40,41]","[0,2,3,4,5,6,7,8,9,10,11,12,13,14,15,15,17,18,19,20,21,22,23,24,25,26,27,37,29,30,31,32,33,34,25,36,37,38,39,5,41]"
0.804878,"[0,2,3,4,5,6,7,8,9,10,11,12,13,14,15,16,17,18,19,20,21,22,23,24,25,26,27,28,29,30,31,32,33,34,35,36,37,38,39,40,41]","[0,2,3,4,5,6,7,8,9,3,11,12,13,14,15,16,3,18,19,20,21,22,23,24,25,26,27,37,29,30,34,32,33,34,35,7,28,38,39,18,17]"
