accuracy,groundTruth,predictionx
0.829268,"[0,2,3,4,5,6,7,8,9,10,11,12,13,14,15,16,17,18,19,20,21,22,23,24,25,26,27,28,29,30,31,32,33,34,35,36,37,38,39,40,41]","[0,2,3,4,5,6,7,8,9,10,11,12,13,14,15,27,3,18,19,20,21,22,9,24,5,26,27,28,29,30,31,32,33,34,35,7,37,38,39,18,41]"
0.804878,"[0,2,3,4,5,6,7,8,9,10,11,12,13,14,15,16,17,18,19,20,21,22,23,24,25,26,27,28,29,30,31,32,33,34,35,36,37,38,39,40,41]","[0,2,3,4,5,6,7,8,9,10,11,12,13,14,2,16,9,18,19,20,21,22,23,24,25,26,27,28,29,30,31,32,33,34,15,7,28,38,22,5,2]"
0.853659,"[0,2,3,4,5,6,7,8,9,10,11,12,13,14,15,16,17,18,19,20,21,22,23,24,25,26,27,28,29,30,31,32,33,34,35,36,37,38,39,40,41]","[0,2,3,4,5,6,7,8,9,8,11,12,13,14,15,15,17,18,19,20,21,22,23,24,5,26,27,37,29,30,31,32,21,34,40,36,37,38,39,40,41]"
