accuracy,groundTruth,predictionx
0.536585,"[0,2,3,4,5,6,7,8,9,10,11,12,13,14,15,16,17,18,19,20,21,22,23,24,25,26,27,28,29,30,31,32,33,34,35,36,37,38,39,40,41]","[0,2,26,4,5,6,7,8,9,10,8,12,13,11,35,2,36,18,2,29,21,22,38,24,25,12,2,37,29,30,34,32,33,34,13,17,13,38,29,5,2]"
0.707317,"[0,2,3,4,5,6,7,8,9,10,11,12,13,14,15,16,17,18,19,20,21,22,23,24,25,26,27,28,29,30,31,32,33,34,35,36,37,38,39,40,41]","[0,2,3,4,5,6,7,8,9,10,11,12,13,14,5,2,4,18,19,21,21,22,23,24,25,26,2,19,29,30,21,2,33,34,25,36,28,38,39,26,5]"
0.512195,"[0,2,3,4,5,6,7,8,9,10,11,12,13,14,15,16,17,18,19,20,21,22,23,24,25,26,27,28,29,30,31,32,33,34,35,36,37,38,39,40,41]","[0,2,25,4,5,6,7,8,23,3,8,12,13,14,2,41,36,18,19,20,21,22,9,24,4,26,2,19,39,21,34,32,33,22,35,36,26,38,22,5,18]"
