accuracy,groundTruth,predictionx
0.463415,"[0,2,3,4,5,6,7,8,9,10,11,12,13,14,15,16,17,18,19,20,21,22,23,24,25,26,27,28,29,30,31,32,33,34,35,36,37,38,39,40,41]","[0,2,3,4,26,6,7,17,9,10,2,12,13,14,11,2,36,18,19,30,29,22,38,24,25,26,19,37,33,29,14,16,30,22,25,8,26,23,39,40,41]"
0.487805,"[0,2,3,4,5,6,7,8,9,10,11,12,13,14,15,16,17,18,19,20,21,22,23,24,25,26,27,28,29,30,31,32,33,34,35,36,37,38,39,40,41]","[0,2,4,12,25,6,7,8,9,10,11,12,13,14,11,41,7,18,19,30,21,22,38,24,26,13,19,37,33,30,21,2,33,34,15,7,14,21,39,40,18]"
0.365854,"[0,2,3,4,5,6,7,8,9,10,11,12,13,14,15,16,17,18,19,20,21,22,23,24,25,26,27,28,29,30,31,32,33,34,35,36,37,38,39,40,41]","[0,2,4,3,1,6,7,8,9,10,2,26,13,11,4,19,8,18,19,30,21,22,38,24,37,26,2,37,39,33,14,2,33,22,12,8,14,38,33,5,18]"
