accuracy,groundTruth,predictionx
0.560976,"[0,2,3,4,5,6,7,8,9,10,11,12,13,14,15,16,17,18,19,20,21,22,23,24,25,26,27,28,29,30,31,32,33,34,35,36,37,38,39,40,41]","[0,2,3,3,5,6,7,8,9,10,11,12,13,14,2,24,36,18,19,29,21,22,38,24,3,26,2,19,29,30,21,32,21,22,13,7,14,38,22,5,2]"
0.609756,"[0,2,3,4,5,6,7,8,9,10,11,12,13,14,15,16,17,18,19,20,21,22,23,24,25,26,27,28,29,30,31,32,33,34,35,36,37,38,39,40,41]","[0,2,3,4,5,6,7,8,9,10,11,12,13,22,15,16,4,18,19,20,21,22,21,24,4,26,2,37,39,21,34,2,33,34,25,17,13,38,22,18,13]"
0.634146,"[0,2,3,4,5,6,7,8,9,10,11,12,13,14,15,16,17,18,19,20,21,22,23,24,25,26,27,28,29,30,31,32,33,34,35,36,37,38,39,40,41]","[0,2,3,4,5,6,7,8,9,3,11,12,13,14,21,24,9,18,15,20,21,22,38,24,25,26,11,26,29,30,34,32,33,22,40,7,13,38,22,40,18]"
