accuracy,groundTruth,predictionx
0.756098,"[0,2,3,4,5,6,7,8,9,10,11,12,13,14,15,16,17,18,19,20,21,22,23,24,25,26,27,28,29,30,31,32,33,34,35,36,37,38,39,40,41]","[0,2,3,4,5,6,7,8,9,10,11,12,13,14,2,13,4,18,19,20,21,22,23,24,25,26,27,37,29,30,21,32,21,34,25,17,14,38,39,40,18]"
0.731707,"[0,2,3,4,5,6,7,8,9,10,11,12,13,14,15,16,17,18,19,20,21,22,23,24,25,26,27,28,29,30,31,32,33,34,35,36,37,38,39,40,41]","[0,2,3,4,5,6,7,8,9,10,11,12,13,14,15,16,3,18,19,20,21,22,38,24,25,26,19,14,29,30,34,32,33,22,15,7,28,38,22,5,41]"
0.731707,"[0,2,3,4,5,6,7,8,9,10,11,12,13,14,15,16,17,18,19,20,21,22,23,24,25,26,27,28,29,30,31,32,33,34,35,36,37,38,39,40,41]","[0,2,3,4,5,6,7,8,23,10,11,12,13,14,15,16,36,18,19,20,21,22,9,24,25,5,27,28,29,30,34,32,33,34,15,7,13,38,22,3,2]"
