accuracy,groundTruth,predictionx
0.585366,"[0,2,3,4,5,6,7,8,9,10,11,12,13,14,15,16,17,18,19,20,21,22,23,24,25,26,27,28,29,30,31,32,33,34,35,36,37,38,39,40,41]","[0,2,25,3,5,6,7,8,9,10,19,12,13,14,21,2,9,18,19,30,21,22,23,24,4,26,27,37,21,30,21,32,33,22,13,7,13,38,39,5,13]"
0.731707,"[0,2,3,4,5,6,7,8,9,10,11,12,13,14,15,16,17,18,19,20,21,22,23,24,25,26,27,28,29,30,31,32,33,34,35,36,37,38,39,40,41]","[0,2,3,3,5,6,7,8,9,10,11,12,13,14,15,16,17,18,19,29,21,22,23,24,25,26,27,26,21,30,34,32,21,34,40,24,26,38,22,40,18]"
0.585366,"[0,2,3,4,5,6,7,8,9,10,11,12,13,14,15,16,17,18,19,20,21,22,23,24,25,26,27,28,29,30,31,32,33,34,35,36,37,38,39,40,41]","[0,2,3,4,18,6,7,8,9,10,11,12,18,14,5,16,36,18,2,20,21,22,23,24,25,12,11,37,29,21,34,2,33,22,25,7,14,38,22,5,41]"
