accuracy,groundTruth,predictionx
0.682927,"[0,2,3,4,5,6,7,8,9,10,11,12,13,14,15,16,17,18,19,20,21,22,23,24,25,26,27,28,29,30,31,32,33,34,35,36,37,38,39,40,41]","[0,2,3,3,5,6,7,8,9,10,11,12,13,14,15,27,3,18,19,29,21,22,38,24,25,26,11,14,29,30,21,2,33,22,25,36,26,38,22,40,41]"
0.682927,"[0,2,3,4,5,6,7,8,9,10,11,12,13,14,15,16,17,18,19,20,21,22,23,24,25,26,27,28,29,30,31,32,33,34,35,36,37,38,39,40,41]","[0,2,3,4,5,6,7,8,9,10,11,12,13,14,2,16,17,5,19,29,21,22,23,24,25,26,2,13,21,21,34,32,30,22,40,36,14,38,39,5,41]"
0.731707,"[0,2,3,4,5,6,7,8,9,10,11,12,13,14,15,16,17,18,19,20,21,22,23,24,25,26,27,28,29,30,31,32,33,34,35,36,37,38,39,40,41]","[0,2,3,4,5,6,7,8,9,10,11,12,13,14,15,16,17,5,19,20,21,22,23,24,25,26,2,26,21,30,34,2,33,34,13,24,14,38,22,5,41]"
