accuracy,groundTruth,predictionx
0.707317,"[0,2,3,4,5,6,7,8,9,10,11,12,13,14,15,16,17,18,19,20,21,22,23,24,25,26,27,28,29,30,31,32,33,34,35,36,37,38,39,40,41]","[0,2,4,4,40,6,7,8,9,10,11,12,13,14,15,41,36,18,19,20,21,22,23,24,25,26,27,19,21,30,21,32,33,34,25,36,14,38,22,5,2]"
0.585366,"[0,2,3,4,5,6,7,8,9,10,11,12,13,14,15,16,17,18,19,20,21,22,23,24,25,26,27,28,29,30,31,32,33,34,35,36,37,38,39,40,41]","[0,2,4,4,5,6,7,8,9,10,11,12,13,14,2,41,36,13,2,20,21,22,9,24,25,26,2,37,29,30,34,32,33,22,15,7,14,38,22,40,16]"
0.731707,"[0,2,3,4,5,6,7,8,9,10,11,12,13,14,15,16,17,18,19,20,21,22,23,24,25,26,27,28,29,30,31,32,33,34,35,36,37,38,39,40,41]","[0,2,3,3,5,6,7,8,9,10,11,12,13,14,2,2,4,18,19,20,21,22,23,24,25,26,27,37,29,30,34,32,21,34,13,36,13,38,39,5,16]"
