accuracy,groundTruth,predictionx
0.756098,"[0,2,3,4,5,6,7,8,9,10,11,12,13,14,15,16,17,18,19,20,21,22,23,24,25,26,27,28,29,30,31,32,33,34,35,36,37,38,39,40,41]","[0,2,3,3,40,6,7,8,9,10,11,12,13,14,15,16,16,18,27,7,21,22,23,24,25,26,27,2,30,30,31,32,33,34,12,36,37,38,39,5,13]"
0.609756,"[0,2,3,4,5,6,7,8,9,10,11,12,13,14,15,16,17,18,19,20,21,22,23,24,25,26,27,28,29,30,31,32,33,34,35,36,37,38,39,40,41]","[0,2,3,4,40,6,7,8,9,10,11,12,1,37,15,32,17,1,19,10,21,22,9,11,25,1,27,28,21,30,21,2,20,34,26,36,37,23,39,40,41]"
0.682927,"[0,2,3,4,5,6,7,8,9,10,11,12,13,14,15,16,17,18,19,20,21,22,23,24,25,26,27,28,29,30,31,32,33,34,35,36,37,38,39,40,41]","[0,2,4,3,5,6,4,8,9,10,11,12,13,14,15,16,17,18,19,20,21,22,23,24,1,1,19,28,21,30,15,32,33,22,15,7,37,38,29,40,41]"
