accuracy,groundTruth,predictionx
0.731707,"[0,2,3,4,5,6,7,8,9,10,11,12,13,14,15,16,17,18,19,20,21,22,23,24,25,26,27,28,29,30,31,32,33,34,35,36,37,38,39,40,41]","[0,2,3,4,5,6,7,8,9,10,19,12,13,14,2,16,3,18,19,4,21,22,23,24,5,26,27,37,29,30,30,32,33,34,25,7,37,38,39,18,5]"
0.878049,"[0,2,3,4,5,6,7,8,9,10,11,12,13,14,15,16,17,18,19,20,21,22,23,24,25,26,27,28,29,30,31,32,33,34,35,36,37,38,39,40,41]","[0,2,3,4,5,6,7,8,9,10,11,12,13,14,2,16,17,18,19,20,21,22,23,24,25,26,27,28,29,30,31,32,21,34,35,17,14,38,39,5,41]"
0.878049,"[0,2,3,4,5,6,7,8,9,10,11,12,13,14,15,16,17,18,19,20,21,22,23,24,25,26,27,28,29,30,31,32,33,34,35,36,37,38,39,40,41]","[0,2,3,4,5,6,7,8,9,3,11,12,13,14,15,15,17,18,19,30,21,22,23,24,25,26,27,28,29,30,34,32,33,34,35,36,37,38,39,40,17]"
