accuracy,groundTruth,predictionx
0.731707,"[0,2,3,4,5,6,7,8,9,10,11,12,13,14,15,16,17,18,19,20,21,22,23,24,25,26,27,28,29,30,31,32,33,34,35,36,37,38,39,40,41]","[0,2,3,35,5,6,7,17,9,10,11,41,13,14,15,16,7,18,2,20,21,22,23,11,26,37,27,28,29,33,31,32,33,34,12,36,37,9,39,40,41]"
0.634146,"[0,2,3,4,5,6,7,8,9,10,11,12,13,14,15,16,17,18,19,20,21,22,23,24,25,26,27,28,29,30,31,32,33,34,35,36,37,38,39,40,41]","[0,2,3,4,1,6,7,8,9,30,11,12,13,14,15,32,17,18,19,20,21,22,38,11,1,1,19,28,29,29,21,8,33,34,15,36,37,21,39,40,8]"
0.804878,"[0,2,3,4,5,6,7,8,9,10,11,12,13,14,15,16,17,18,19,20,21,22,23,24,25,26,27,28,29,30,31,32,33,34,35,36,37,38,39,40,41]","[0,2,3,4,5,6,7,16,9,10,11,12,13,14,15,27,17,18,27,20,21,22,9,24,25,26,27,37,29,30,21,16,33,34,35,36,37,38,39,40,12]"
