accuracy,groundTruth,predictionx
0.536585,"[0,2,3,4,5,6,7,8,9,10,11,12,13,14,15,16,17,18,19,20,21,22,23,24,25,26,27,28,29,30,31,32,33,34,35,36,37,38,39,40,41]","[0,2,4,3,1,6,7,8,9,17,24,12,13,14,15,16,7,18,19,20,21,22,21,24,26,25,2,28,33,30,14,19,30,34,3,8,14,38,33,40,41]"
0.439024,"[0,2,3,4,5,6,7,8,9,10,11,12,13,14,15,16,17,18,19,20,21,22,23,24,25,26,27,28,29,30,31,32,33,34,35,36,37,38,39,40,41]","[0,2,25,3,26,6,7,8,38,10,11,12,13,14,11,2,7,18,19,20,38,22,38,24,25,26,19,19,33,20,21,16,29,34,25,7,14,23,39,5,32]"
0.463415,"[0,2,3,4,5,6,7,8,9,10,11,12,13,14,15,16,17,18,19,20,21,22,23,24,25,26,27,28,29,30,31,32,33,34,35,36,37,38,39,40,41]","[0,2,3,3,25,6,7,8,9,10,11,25,13,14,11,16,8,1,2,7,29,22,38,24,40,25,19,28,39,20,15,32,29,22,26,7,26,38,39,40,41]"
