accuracy,groundTruth,predictionx
0.780488,"[0,2,3,4,5,6,7,8,9,10,11,12,13,14,15,16,17,18,19,20,21,22,23,24,25,26,27,28,29,30,31,32,33,34,35,36,37,38,39,40,41]","[0,2,3,4,5,6,7,8,9,10,11,12,13,14,15,16,38,18,19,20,21,22,38,24,25,26,19,37,29,30,31,32,33,34,40,17,14,38,22,5,41]"
0.707317,"[0,2,3,4,5,6,7,8,9,10,11,12,13,14,15,16,17,18,19,20,21,22,23,24,25,26,27,28,29,30,31,32,33,34,35,36,37,38,39,40,41]","[0,2,3,4,5,6,7,8,9,3,11,12,13,14,2,16,17,18,19,4,21,22,38,24,25,26,19,15,39,30,34,32,33,34,15,36,14,38,39,5,13]"
0.804878,"[0,2,3,4,5,6,7,8,9,10,11,12,13,14,15,16,17,18,19,20,21,22,23,24,25,26,27,28,29,30,31,32,33,34,35,36,37,38,39,40,41]","[0,2,3,4,5,6,7,8,9,10,11,12,13,14,15,16,17,18,19,20,21,22,23,24,25,26,27,26,29,30,21,2,21,34,25,36,13,38,39,5,5]"
