accuracy,groundTruth,predictionx
0.780488,"[0,2,3,4,5,6,7,8,9,10,11,12,13,14,15,16,17,18,19,20,21,22,23,24,25,26,27,28,29,30,31,32,33,34,35,36,37,38,39,40,41]","[0,2,3,3,5,6,7,8,9,10,11,12,13,14,15,41,9,18,19,20,21,22,23,24,25,26,27,37,39,30,21,32,33,34,40,7,37,38,39,12,41]"
0.829268,"[0,2,3,4,5,6,7,8,9,10,11,12,13,14,15,16,17,18,19,20,21,22,23,24,25,26,27,28,29,30,31,32,33,34,35,36,37,38,39,40,41]","[0,2,3,4,5,6,7,8,9,38,11,12,13,14,15,16,36,18,19,20,21,22,9,24,25,26,27,28,29,30,34,32,33,34,15,36,28,38,39,5,41]"
0.829268,"[0,2,3,4,5,6,7,8,9,10,11,12,13,14,15,16,17,18,19,20,21,22,23,24,25,26,27,28,29,30,31,32,33,34,35,36,37,38,39,40,41]","[0,2,3,4,5,6,7,8,9,10,11,12,13,11,15,16,36,18,19,20,21,22,23,24,5,26,27,28,29,30,34,32,33,34,13,24,37,38,39,3,41]"
